insert into GENRE(GENRE_ID, GENRE_NAME) values(1, 'мистика');
insert into GENRE(GENRE_ID, GENRE_NAME) values(2, 'фантастика');
insert into GENRE(GENRE_ID, GENRE_NAME) values(3, 'приключения');
insert into GENRE(GENRE_ID, GENRE_NAME) values(4, 'образование');

INSERT INTO AUTHOR(AUTHOR_ID, AUTHOR_NAME, AUTHOR_SURNAME) VALUES(1, 'Джек', 'Лондон');
INSERT INTO AUTHOR(AUTHOR_ID, AUTHOR_NAME, AUTHOR_SURNAME) VALUES(2, 'Рэй', 'Бредбери');
INSERT INTO AUTHOR(AUTHOR_ID, AUTHOR_NAME, AUTHOR_SURNAME) VALUES(3, 'Лев', 'Ландау');
INSERT INTO AUTHOR(AUTHOR_ID, AUTHOR_NAME, AUTHOR_SURNAME) VALUES(4, 'Иосиф', 'Лифшиц');
INSERT INTO AUTHOR(AUTHOR_ID, AUTHOR_NAME, AUTHOR_SURNAME) VALUES(5, 'Марк', 'Твен');
INSERT INTO AUTHOR(AUTHOR_ID, AUTHOR_NAME, AUTHOR_SURNAME) VALUES(6, 'Марк', 'Аврелий');

INSERT INTO BOOK(BOOK_ID, BOOK_NAME) VALUES(1,'Янки при дворе Короля Артура');
INSERT INTO BOOK(BOOK_ID, BOOK_NAME) VALUES(2,'Теория поля');
INSERT INTO BOOK(BOOK_ID, BOOK_NAME) VALUES(3,'Квантовая механика');
INSERT INTO BOOK(BOOK_ID, BOOK_NAME) VALUES(4,'451 градус по Фаренгейту');
INSERT INTO BOOK(BOOK_ID, BOOK_NAME) VALUES(5,'Белый клык');
INSERT INTO BOOK(BOOK_ID, BOOK_NAME) VALUES(6,'Мартин Иден');

INSERT INTO BOOK_AUTHOR(BOOK_ID, AUTHOR_ID) VALUES(1,5);
INSERT INTO BOOK_AUTHOR(BOOK_ID, AUTHOR_ID) VALUES(2,3);
INSERT INTO BOOK_AUTHOR(BOOK_ID, AUTHOR_ID) VALUES(2,4);
INSERT INTO BOOK_AUTHOR(BOOK_ID, AUTHOR_ID) VALUES(3,3);
INSERT INTO BOOK_AUTHOR(BOOK_ID, AUTHOR_ID) VALUES(3,4);
INSERT INTO BOOK_AUTHOR(BOOK_ID, AUTHOR_ID) VALUES(4,2);
INSERT INTO BOOK_AUTHOR(BOOK_ID, AUTHOR_ID) VALUES(5,1);
INSERT INTO BOOK_AUTHOR(BOOK_ID, AUTHOR_ID) VALUES(6,1);

INSERT INTO BOOK_GENRE(BOOK_ID, GENRE_ID) VALUES(1,2);
INSERT INTO BOOK_GENRE(BOOK_ID, GENRE_ID) VALUES(1,3);
INSERT INTO BOOK_GENRE(BOOK_ID, GENRE_ID) VALUES(2,4);
INSERT INTO BOOK_GENRE(BOOK_ID, GENRE_ID) VALUES(3,4);
INSERT INTO BOOK_GENRE(BOOK_ID, GENRE_ID) VALUES(4,2);
INSERT INTO BOOK_GENRE(BOOK_ID, GENRE_ID) VALUES(5,3);
INSERT INTO BOOK_GENRE(BOOK_ID, GENRE_ID) VALUES(6,3);